Sentiment,proportion
positive,80.66037735849056
neutral,16.037735849056602
negative,3.30188679245283
